{
  "AppFromDataMetaDataIdsToEntityNameMappings": "{\"%DataSourceName.AFD%\":\"SR_NexusOps\",\"%DataSourceValue.AFD%\":\"[@SR_NexusOps]\",\"%SortFieldName.AFD%\":\"\\\"cr07c_supplieremail\\\"\",\"%FilterFieldName.AFD%\":\"cr07c_supplieremail\",\"%PrimaryNameField.AFD%\":\"cr07c_supplierid\",\"%PrimaryNameFieldDisplayName.AFD%\":\"'Supplier_ID'\",\"%SearchFieldName.AFD%\":\"cr07c_supplieremail,cr07c_supplierid,cr07c_suppliername\",\"%StartsWithFieldName.AFD%\":\"cr07c_supplieremail\",\"%DeleteConfirmFieldName.AFD%\":\"cr07c_supplieremail\",\"%SortDescending.AFD%\":\"SortDescending5\",\"%CopilotSinglePageScreen.ID%\":\"SR_NexusOps_screen\",\"%BrowseContainer.ID%\":\"BrowseGallery5\",\"%DetailEditContainer.ID%\":\"EditForm5\"}"
}