{
  "QualifiedValues": [
    {
      "Namespace": "Inv_NexusOps (Forms)",
      "Kind": "default.cds_cr07c_inv_nexusops_forms",
      "Values": {
        "Information": "c0d78cfa-454c-4207-8705-e552a86ca044"
      }
    },
    {
      "Namespace": "SO_NexusOps (Forms)",
      "Kind": "default.cds_cr07c_so_nexusops_forms",
      "Values": {
        "Information": "d455d769-8231-4f0f-9912-e8cd716e2dbd"
      }
    },
    {
      "Namespace": "PO_NexusOps (Forms)",
      "Kind": "default.cds_cr07c_po_nexusops_forms",
      "Values": {
        "Information": "74365835-56e1-49a0-8b0c-eaf6fb2247ed"
      }
    },
    {
      "Namespace": "CR_NexusOps (Forms)",
      "Kind": "default.cds_cr07c_cr_nexusops_forms",
      "Values": {
        "Information": "45072f61-e18f-4da2-b92c-e549e0aa5e76"
      }
    },
    {
      "Namespace": "SR_NexusOps (Forms)",
      "Kind": "default.cds_cr07c_sr_nexusops_forms",
      "Values": {
        "Information": "c551393c-ab53-499a-aff1-b48186eaf632"
      }
    }
  ]
}