{
  "Resources": [
    {
      "Name": "SampleImage",
      "Schema": "i",
      "IsSampleData": true,
      "IsWritable": false,
      "Type": "ResourceInfo",
      "FileName": "/ctrllib/image/images/SampleImage.svg",
      "Path": "/ctrllib/image/images/SampleImage.svg",
      "Content": "Image",
      "ResourceKind": "Uri",
      "RootPath": "ms-appx:///ctrllib/image/images/SampleImage.svg"
    },
    {
      "Name": "Dismiss Circle",
      "Schema": "i",
      "IsSampleData": false,
      "IsWritable": false,
      "Type": "ResourceInfo",
      "FileName": "39acc9e8-29ab-4bba-9281-06cbb98cadcf.svg",
      "Path": "Assets\\Images\\39acc9e8-29ab-4bba-9281-06cbb98cadcf.svg",
      "Content": "Image",
      "ResourceKind": "LocalFile",
      "RootPath": "https://dsprdil101cin.blob.core.windows.net/7a632349-3756-4a7e-a01e-f1d6228a05e0-1/resource/Assets0Images039acc9e8-29ab-4bba-9281-06cbb98cadcf.svg?skoid=58690ece-ec83-4ce2-9ce8-883d4d6a54ee&sktid=975f013f-7f24-47e8-a7d3-abc4752bf346&skt=2025-02-17T08%3A22%3A16Z&ske=2025-02-18T08%3A37%3A16Z&sks=b&skv=2023-01-03&sv=2023-01-03&spr=https&se=2025-02-18T08%3A37%3A16Z&sr=b&sp=r&sig=BxSAi7x3BA10F8rmZJAmPfKpBRLBicK1ldg%2FzL8%2FwK0%3D"
    },
    {
      "Name": "Warning",
      "Schema": "i",
      "IsSampleData": false,
      "IsWritable": false,
      "Type": "ResourceInfo",
      "FileName": "98df78d0-de56-4342-a4ed-3fc088e806e8.svg",
      "Path": "Assets\\Images\\98df78d0-de56-4342-a4ed-3fc088e806e8.svg",
      "Content": "Image",
      "ResourceKind": "LocalFile",
      "RootPath": "https://dsprdil101cin.blob.core.windows.net/7a632349-3756-4a7e-a01e-f1d6228a05e0-1/resource/Assets0Images098df78d0-de56-4342-a4ed-3fc088e806e8.svg?skoid=58690ece-ec83-4ce2-9ce8-883d4d6a54ee&sktid=975f013f-7f24-47e8-a7d3-abc4752bf346&skt=2025-02-17T08%3A22%3A16Z&ske=2025-02-18T08%3A37%3A16Z&sks=b&skv=2023-01-03&sv=2023-01-03&spr=https&se=2025-02-18T08%3A37%3A16Z&sr=b&sp=r&sig=jayPSO1HqB%2BOpbDsQ%2FLnuv5W7YrymXOei4XB3zIVaig%3D"
    },
    {
      "Name": "Checkmark Circle",
      "Schema": "i",
      "IsSampleData": false,
      "IsWritable": false,
      "Type": "ResourceInfo",
      "FileName": "4dc6778a-c3cb-468d-958c-d82f0d94900a.svg",
      "Path": "Assets\\Images\\4dc6778a-c3cb-468d-958c-d82f0d94900a.svg",
      "Content": "Image",
      "ResourceKind": "LocalFile",
      "RootPath": "https://dsprdil101cin.blob.core.windows.net/7a632349-3756-4a7e-a01e-f1d6228a05e0-1/resource/Assets0Images04dc6778a-c3cb-468d-958c-d82f0d94900a.svg?skoid=58690ece-ec83-4ce2-9ce8-883d4d6a54ee&sktid=975f013f-7f24-47e8-a7d3-abc4752bf346&skt=2025-02-17T08%3A22%3A16Z&ske=2025-02-18T08%3A37%3A16Z&sks=b&skv=2023-01-03&sv=2023-01-03&spr=https&se=2025-02-18T08%3A37%3A16Z&sr=b&sp=r&sig=cOghK7AvZUio4%2BP2xhzaKp%2BdNElpXJ477%2FjYLjASGdg%3D"
    },
    {
      "Name": "Info",
      "Schema": "i",
      "IsSampleData": false,
      "IsWritable": false,
      "Type": "ResourceInfo",
      "FileName": "2825d6fc-640e-4628-aa98-1af99f15c8ab.svg",
      "Path": "Assets\\Images\\2825d6fc-640e-4628-aa98-1af99f15c8ab.svg",
      "Content": "Image",
      "ResourceKind": "LocalFile",
      "RootPath": "https://dsprdil101cin.blob.core.windows.net/7a632349-3756-4a7e-a01e-f1d6228a05e0-1/resource/Assets0Images02825d6fc-640e-4628-aa98-1af99f15c8ab.svg?skoid=58690ece-ec83-4ce2-9ce8-883d4d6a54ee&sktid=975f013f-7f24-47e8-a7d3-abc4752bf346&skt=2025-02-17T08%3A22%3A16Z&ske=2025-02-18T08%3A37%3A16Z&sks=b&skv=2023-01-03&sv=2023-01-03&spr=https&se=2025-02-18T08%3A37%3A16Z&sr=b&sp=r&sig=cGo8A03nV5pbgaPuWdfAqSmf%2B30PXiZHqbbfn3ruEKM%3D"
    },
    {
      "Name": "157677192",
      "Schema": "i",
      "IsSampleData": false,
      "IsWritable": false,
      "Type": "ResourceInfo",
      "FileName": "8d5ae17f-0abb-43f1-a96d-ddecc59d509a.jpg",
      "Path": "Assets\\Images\\8d5ae17f-0abb-43f1-a96d-ddecc59d509a.jpg",
      "Content": "Image",
      "ResourceKind": "LocalFile",
      "RootPath": "https://dsprdil101cin.blob.core.windows.net/7a632349-3756-4a7e-a01e-f1d6228a05e0-1/resource/Assets0Images08d5ae17f-0abb-43f1-a96d-ddecc59d509a.jpg?skoid=58690ece-ec83-4ce2-9ce8-883d4d6a54ee&sktid=975f013f-7f24-47e8-a7d3-abc4752bf346&skt=2025-02-17T08%3A22%3A16Z&ske=2025-02-18T08%3A37%3A16Z&sks=b&skv=2023-01-03&sv=2023-01-03&spr=https&se=2025-02-18T08%3A37%3A16Z&sr=b&sp=r&sig=YDhG%2FoOceZb%2BZqngaij8wPG3GGMrDw6bTrE1PJ18uMM%3D"
    },
    {
      "Name": "Inventory_Card2",
      "Schema": "i",
      "IsSampleData": false,
      "IsWritable": false,
      "Type": "ResourceInfo",
      "FileName": "a8c9c35f-f260-4747-92a1-a1882db5e698.jpg",
      "Path": "Assets\\Images\\a8c9c35f-f260-4747-92a1-a1882db5e698.jpg",
      "Content": "Image",
      "ResourceKind": "LocalFile",
      "RootPath": "https://dsprdil101cin.blob.core.windows.net/7a632349-3756-4a7e-a01e-f1d6228a05e0-1/resource/Assets0Images0a8c9c35f-f260-4747-92a1-a1882db5e698.jpg?skoid=58690ece-ec83-4ce2-9ce8-883d4d6a54ee&sktid=975f013f-7f24-47e8-a7d3-abc4752bf346&skt=2025-02-17T08%3A22%3A16Z&ske=2025-02-18T08%3A37%3A16Z&sks=b&skv=2023-01-03&sv=2023-01-03&spr=https&se=2025-02-18T08%3A37%3A16Z&sr=b&sp=r&sig=cC5iMezoQhIaAG5JMSjYZcz1gwlgAi6bH8D2mFJ3oEk%3D"
    },
    {
      "Name": "Sales Order_Card1",
      "Schema": "i",
      "IsSampleData": false,
      "IsWritable": false,
      "Type": "ResourceInfo",
      "FileName": "82955ba2-b114-4049-b177-6d3338dd65a0.jpg",
      "Path": "Assets\\Images\\82955ba2-b114-4049-b177-6d3338dd65a0.jpg",
      "Content": "Image",
      "ResourceKind": "LocalFile",
      "RootPath": "https://dsprdil101cin.blob.core.windows.net/7a632349-3756-4a7e-a01e-f1d6228a05e0-1/resource/Assets0Images082955ba2-b114-4049-b177-6d3338dd65a0.jpg?skoid=58690ece-ec83-4ce2-9ce8-883d4d6a54ee&sktid=975f013f-7f24-47e8-a7d3-abc4752bf346&skt=2025-02-17T08%3A22%3A16Z&ske=2025-02-18T08%3A37%3A16Z&sks=b&skv=2023-01-03&sv=2023-01-03&spr=https&se=2025-02-18T08%3A37%3A16Z&sr=b&sp=r&sig=V26GCt5skJdGSJTiO7ixKHOlRkNZ%2BwZbQF9tUWYNSUE%3D"
    },
    {
      "Name": "Purchase Order_Card",
      "Schema": "i",
      "IsSampleData": false,
      "IsWritable": false,
      "Type": "ResourceInfo",
      "FileName": "fc04f30b-e94f-4b3d-a657-438ee09f9a63.jpg",
      "Path": "Assets\\Images\\fc04f30b-e94f-4b3d-a657-438ee09f9a63.jpg",
      "Content": "Image",
      "ResourceKind": "LocalFile",
      "RootPath": "https://dsprdil101cin.blob.core.windows.net/7a632349-3756-4a7e-a01e-f1d6228a05e0-1/resource/Assets0Images0fc04f30b-e94f-4b3d-a657-438ee09f9a63.jpg?skoid=58690ece-ec83-4ce2-9ce8-883d4d6a54ee&sktid=975f013f-7f24-47e8-a7d3-abc4752bf346&skt=2025-02-17T08%3A22%3A16Z&ske=2025-02-18T08%3A37%3A16Z&sks=b&skv=2023-01-03&sv=2023-01-03&spr=https&se=2025-02-18T08%3A37%3A16Z&sr=b&sp=r&sig=PQKpj9bKNGnEMzAjk9Fy9YaMSHAToHwgOPt7GO5lUmw%3D"
    },
    {
      "Name": "Customer_Card1",
      "Schema": "i",
      "IsSampleData": false,
      "IsWritable": false,
      "Type": "ResourceInfo",
      "FileName": "50e17d69-80e4-4266-bbba-30fcafaeb0da.jpg",
      "Path": "Assets\\Images\\50e17d69-80e4-4266-bbba-30fcafaeb0da.jpg",
      "Content": "Image",
      "ResourceKind": "LocalFile",
      "RootPath": "https://dsprdil101cin.blob.core.windows.net/7a632349-3756-4a7e-a01e-f1d6228a05e0-1/resource/Assets0Images050e17d69-80e4-4266-bbba-30fcafaeb0da.jpg?skoid=58690ece-ec83-4ce2-9ce8-883d4d6a54ee&sktid=975f013f-7f24-47e8-a7d3-abc4752bf346&skt=2025-02-17T08%3A22%3A16Z&ske=2025-02-18T08%3A37%3A16Z&sks=b&skv=2023-01-03&sv=2023-01-03&spr=https&se=2025-02-18T08%3A37%3A16Z&sr=b&sp=r&sig=gD6pWiZvZvutQBLtU2CLrTL5QopjmoR67oN%2FwElg65Q%3D"
    },
    {
      "Name": "Supplier_Card1",
      "Schema": "i",
      "IsSampleData": false,
      "IsWritable": false,
      "Type": "ResourceInfo",
      "FileName": "5de4f8ba-7b1f-45ae-aa09-43a0f808387f.jpg",
      "Path": "Assets\\Images\\5de4f8ba-7b1f-45ae-aa09-43a0f808387f.jpg",
      "Content": "Image",
      "ResourceKind": "LocalFile",
      "RootPath": "https://dsprdil101cin.blob.core.windows.net/7a632349-3756-4a7e-a01e-f1d6228a05e0-1/resource/Assets0Images05de4f8ba-7b1f-45ae-aa09-43a0f808387f.jpg?skoid=58690ece-ec83-4ce2-9ce8-883d4d6a54ee&sktid=975f013f-7f24-47e8-a7d3-abc4752bf346&skt=2025-02-17T08%3A22%3A16Z&ske=2025-02-18T08%3A37%3A16Z&sks=b&skv=2023-01-03&sv=2023-01-03&spr=https&se=2025-02-18T08%3A37%3A16Z&sr=b&sp=r&sig=dAhe94l09EFc0PT63%2BQr%2FIVk7xERsM%2FBHfHwaljsGTI%3D"
    },
    {
      "Name": "Dashboard_Card1",
      "Schema": "i",
      "IsSampleData": false,
      "IsWritable": false,
      "Type": "ResourceInfo",
      "FileName": "4137631a-7717-48b7-88f0-ab9e4ad35fdb.jpg",
      "Path": "Assets\\Images\\4137631a-7717-48b7-88f0-ab9e4ad35fdb.jpg",
      "Content": "Image",
      "ResourceKind": "LocalFile",
      "RootPath": "https://dsprdil101cin.blob.core.windows.net/7a632349-3756-4a7e-a01e-f1d6228a05e0-1/resource/Assets0Images04137631a-7717-48b7-88f0-ab9e4ad35fdb.jpg?skoid=58690ece-ec83-4ce2-9ce8-883d4d6a54ee&sktid=975f013f-7f24-47e8-a7d3-abc4752bf346&skt=2025-02-17T08%3A22%3A16Z&ske=2025-02-18T08%3A37%3A16Z&sks=b&skv=2023-01-03&sv=2023-01-03&spr=https&se=2025-02-18T08%3A37%3A16Z&sr=b&sp=r&sig=7Pe8arGTI9efQinXQ%2BXEq9wxtfASyo6pvJ8Kv4KDTxQ%3D"
    },
    {
      "Name": "Nexus_Icon",
      "Schema": "i",
      "IsSampleData": false,
      "IsWritable": false,
      "Type": "ResourceInfo",
      "FileName": "2564d1db-9d0e-4004-9344-c53c30a5c995.jpg",
      "Path": "Assets\\Images\\2564d1db-9d0e-4004-9344-c53c30a5c995.jpg",
      "Content": "Image",
      "ResourceKind": "LocalFile",
      "RootPath": "https://dsprdil101cin.blob.core.windows.net/7a632349-3756-4a7e-a01e-f1d6228a05e0-1/resource/Assets0Images02564d1db-9d0e-4004-9344-c53c30a5c995.jpg?skoid=58690ece-ec83-4ce2-9ce8-883d4d6a54ee&sktid=975f013f-7f24-47e8-a7d3-abc4752bf346&skt=2025-02-17T08%3A22%3A16Z&ske=2025-02-18T08%3A37%3A16Z&sks=b&skv=2023-01-03&sv=2023-01-03&spr=https&se=2025-02-18T08%3A37%3A16Z&sr=b&sp=r&sig=AUFwvcIPBa2a11zAodSgEP0mW6mhtTHAJ9N4gN%2FG6uQ%3D"
    }
  ]
}