{
  "Author": "",
  "Name": "NexusOps",
  "Id": "4d0d373b-4004-4bac-bb4b-ac12d5bd5444",
  "FileID": "1de78293-a34c-4fba-889f-71514bc7efe1",
  "LocalConnectionReferences": "{\"207972cc-baaa-40f0-ad13-055710ab89c0\":{\"id\":\"207972cc-baaa-40f0-ad13-055710ab89c0\",\"connectionInstanceId\":\"/providers/Microsoft.PowerApps/apis/shared_logicflows/connections/9B434DDD353571B5BCCAA52586805476-33AE3CD7D13E7511\",\"dataSources\":[\"ClickabuttoninPowerAppstosendanemail\"],\"datasets\":{},\"dependencies\":{\"shared_office365\":\"8eade513-2fd7-4348-8637-bbe3bdc6594f\"},\"dependents\":[],\"connectionRef\":{\"id\":\"/providers/microsoft.powerapps/apis/shared_logicflows\",\"displayName\":\"Logic flows\",\"apiTier\":\"Standard\",\"iconUri\":\"https://conn-afd-prod-endpoint-bmc9bqahasf3grgk.b01.azurefd.net/releases/v1.0.1725/1.0.1725.4004/logicflows/icon.png\",\"parameterHints\":{\"workflowName\":{\"value\":\"9b434ddd-3535-71b5-bcca-a52586805476\"},\"workflowEntityId\":{\"value\":\"bdea6496-6ceb-ef11-be21-002248d5e1a6\"},\"workflowDisplayName\":{\"value\":\"Click a button in Power Apps to send an email\"},\"8eade513-2fd7-4348-8637-bbe3bdc6594f\":{\"value\":\"shared_office365\"}},\"parameterHintsV2\":{\"workflowName\":{\"value\":\"9b434ddd-3535-71b5-bcca-a52586805476\"},\"workflowEntityId\":{\"value\":\"bdea6496-6ceb-ef11-be21-002248d5e1a6\"},\"workflowDisplayName\":{\"value\":\"Click a button in Power Apps to send an email\"},\"shared_office365\":{\"value\":\"8eade513-2fd7-4348-8637-bbe3bdc6594f\"}}},\"appActions\":[\"Run\"]},\"8eade513-2fd7-4348-8637-bbe3bdc6594f\":{\"id\":\"8eade513-2fd7-4348-8637-bbe3bdc6594f\",\"connectionInstanceId\":\"/providers/microsoft.powerapps/apis/shared_office365/connections/shared-office365-b9d017da-1517-4c07-b6d0-75589986aeaf\",\"dataSources\":[],\"datasets\":{},\"dependencies\":{},\"dependents\":[\"207972cc-baaa-40f0-ad13-055710ab89c0\"],\"connectionRef\":{\"id\":\"/providers/microsoft.powerapps/apis/shared_office365\",\"displayName\":\"Office 365 Outlook\",\"apiTier\":\"Standard\",\"iconUri\":\"https://conn-afd-prod-endpoint-bmc9bqahasf3grgk.b01.azurefd.net/releases/v1.0.1722/1.0.1722.3975/office365/icon.png\",\"parameterHints\":{},\"parameterHintsV2\":{}},\"appActions\":[]}}",
  "LocalDatabaseReferences": "{\"default.cds\":{\"state\":\"Configured\",\"instanceUrl\":\"https://orgb27e7975.crm8.dynamics.com/\",\"webApiVersion\":\"v9.0\",\"environmentVariableName\":\"\",\"dataSources\":{\"Inv_NexusOps\":{\"entitySetName\":\"cr07c_inv_nexusopses\",\"logicalName\":\"cr07c_inv_nexusops\"},\"SO_NexusOps\":{\"entitySetName\":\"cr07c_so_nexusopses\",\"logicalName\":\"cr07c_so_nexusops\"},\"PO_NexusOps\":{\"entitySetName\":\"cr07c_po_nexusopses\",\"logicalName\":\"cr07c_po_nexusops\"},\"CR_NexusOps\":{\"entitySetName\":\"cr07c_cr_nexusopses\",\"logicalName\":\"cr07c_cr_nexusops\"},\"SR_NexusOps\":{\"entitySetName\":\"cr07c_sr_nexusopses\",\"logicalName\":\"cr07c_sr_nexusops\"},\"43b0dc67-68af-47ae-9a9c-9e69d396ba3e\":{\"entitySetName\":\"msdyn_aimodels\",\"logicalName\":\"msdyn_aimodel\"},\"aaecc619-18c9-476b-9b00-1226535c6d87\":{\"entitySetName\":\"organizations\",\"logicalName\":\"organization\"}}}}",
  "LibraryDependencies": "[{\"LibraryId\":\"8b7287bf-015c-43e4-a23c-576cf5076a57\",\"LibraryLogicalName\":\"cat_powercatcomponentlibrary_0be3a\",\"OriginalComponentDefinitionTemplateId\":\"952d39d80fc84420b772a5058b19d909\",\"SourceLastTimeSaved\":\"2025-02-14T07:27:40.948+00:00\",\"RefusedSourceLastTimeSaved\":\"0001-01-01T00:00:00\",\"InstanceCount\":1,\"HasLibraryLogicalName\":true,\"LibraryVersion\":\"2025-02-14T07:27:40Z\"}]",
  "AppPreviewFlagsMap": {
    "delayloadscreens": true,
    "errorhandling": true,
    "enableappembeddingux": false,
    "blockmovingcontrol": true,
    "projectionmapping": true,
    "usedisplaynamemetadata": true,
    "usenonblockingonstartrule": true,
    "longlivingcache": false,
    "useguiddatatypes": true,
    "useexperimentalcdsconnector": true,
    "useenforcesavedatalimits": true,
    "webbarcodescanner": false,
    "reliableconcurrent": true,
    "datatablev2control": true,
    "nativecdsexperimental": true,
    "delaycontrolrendering": true,
    "useexperimentalsqlconnector": true,
    "disablecdsfileandlargeimage": false,
    "formuladataprefetch": true,
    "generatedebugpublishedapp": false,
    "keeprecentscreensloaded": false,
    "aibuilderserviceenrollment": false,
    "dynamicschema": false,
    "enablerowscopeonetonexpand": true,
    "herocontrols": false,
    "classiccontrols": false,
    "fluentv9controls": false,
    "fluentv9controlspreview": true,
    "onegrid": false,
    "enablepcfmoderndatasets": true,
    "optimizedforteamsmeeting": false,
    "behaviorpropertyui": true,
    "autocreateenvironmentvariables": false,
    "externalmessage": false,
    "enableonstartnavigate": false,
    "enableexcelonlinebusinessv2connector": true,
    "enableonstart": true,
    "exportimportcomponents2": true,
    "copyandmerge": false,
    "allowmultiplescreensincanvaspages": false,
    "enablecomponentscopeoldbehavior": false,
    "enablecomponentnamemaps": false,
    "enableideaspanel": true,
    "enablecreateaformula": true,
    "enablesaveloadcleardataonweb": true,
    "rtlsupport": false,
    "improvedtabstopbehavior": false,
    "rtlinstudiopreview": false,
    "cdsdataformatting": false,
    "enablerpawarecomponentdependency": true,
    "enableeditcacherefreshfrequency": false,
    "formularepair": false,
    "expandedsavedatasupport": true,
    "appinsightserrortracing": false,
    "appinstrumentationcorrelationtracing": false,
    "powerfxv1": false,
    "zeroalltabindexes": true,
    "dataverseactionsenabled": true,
    "pdffunction": false,
    "packagemodernruntime": false,
    "enablecopilotcontrol": true,
    "enablecopilotanswercontrol": true,
    "disableruntimepolicies": false,
    "enablelegacybarcodescanner": false,
    "enabledataverseoffline": true,
    "mobilenativerendering": false,
    "smartemaildatacard": false,
    "enableupdateifdelegation": true,
    "dataflowanalysisenabled": true,
    "showclassicthemes": false,
    "userdefinedfunctions": false,
    "userdefinedtypes": false,
    "enableeditinmcs": true,
    "disablebehaviorreturntypecheck": false,
    "commentgeneratedformulasv2": true,
    "enablecanvasappruntimecopilot": true,
    "offlineprofilegenerationemitscolumns": false,
    "proactivecontrolrename": true,
    "preferpayamlv2inux": false,
    "disablefallbacktopayamlv2": false,
    "enablelegacydatatable": false,
    "sharepointselectsenabled": true,
    "disabledeferloadingunusedscreenswithstartscreen": false,
    "disableloadcomponentdefinitionsondemand": false,
    "tabledoesntwraprecords": true,
    "consistentreturnschemafortabularfunctions": true,
    "supportcolumnnamesasidentifiers": true,
    "powerfxdecimal": false,
    "reservedkeywords": false,
    "isemptyrequirestableargument": true,
    "primaryoutputpropertycoerciondeprecated": true
  },
  "DocumentLayoutWidth": 1366,
  "DocumentLayoutHeight": 768,
  "DocumentLayoutOrientation": "landscape",
  "DocumentLayoutScaleToFit": false,
  "DocumentLayoutMaintainAspectRatio": false,
  "DocumentLayoutLockOrientation": false,
  "ShowStatusBar": false,
  "AppCopilotSchemaName": "msdyn_appCopilot",
  "OriginatingVersion": "1.345",
  "DocumentAppType": "DesktopOrTablet",
  "DocumentType": "App",
  "AppCreationSource": "AppFromTable",
  "AppDescription": "NexusOps is an AI-powered Inventory Management Application designed to streamline Supplier, Customer, Sales, Purchase, and Inventory management with Copilot AI.",
  "ManualOfflineProfileId": "",
  "DefaultConnectedDataSourceMaxGetRowsCount": 500,
  "ContainsThirdPartyPcfControls": false,
  "ParserErrorCount": 0,
  "BindingErrorCount": 0,
  "ConnectionString": "",
  "EnableInstrumentation": false,
  "ControlCount": {
    "56445cbc60c042d7ad2eba23500cf447": 2,
    "image": 10,
    "gallery": 6,
    "galleryTemplate": 6,
    "label": 145,
    "rectangle": 16,
    "screen": 12,
    "groupContainer": 70,
    "icon": 51,
    "button": 10,
    "text": 30,
    "form": 5,
    "typedDataCard": 35,
    "datepicker": 4,
    "dropdown": 8,
    "addMedia": 1,
    "PowerApps_CoreControls_ButtonCanvas": 17,
    "Copilot": 5,
    "CopilotTemplate_dataField": 50,
    "combobox": 4,
    "barChart": 1,
    "lineChart": 1,
    "legend": 2,
    "group": 2,
    "Header": 1
  },
  "DeserializationLoadTime": 3.5538641,
  "AnalysisLoadTime": 4.3715558
}